mu_median,mu_ci_lower,mu_ci_upper,tau_median,tau_ci_lower,tau_ci_upper,p_mu_gt_zero,p_mu_gt_practical,k_studies,method,n_draws,technique_taxonomy_id,study_ids
0.4391378846663588,0.04255011938902448,0.7233759022059923,0.2721711218127324,0.07870050600074681,0.7192990443777735,0.9822,0.9169,2,approximate-bayesian-importance-sampling,10000,extreme-anchor,atlas-005;atlas-007
0.5012331999138872,0.2510474366007328,0.7325407986309685,0.35714692780229074,0.19046601638261432,0.6639568288227413,0.9994,0.9889,6,approximate-bayesian-importance-sampling,10000,gain-framing,atlas-005;atlas-009;atlas-012;atlas-013;atlas-014;atlas-015
0.34274003422827837,0.23724399516408023,0.4484120032351356,0.05984114798704675,0.002920464366346692,0.25322505387044414,0.9999,0.992,5,approximate-bayesian-importance-sampling,10000,loss-framing,atlas-005;atlas-012;atlas-013;atlas-014;atlas-015
