mu_median,mu_ci_lower,mu_ci_upper,tau_median,tau_ci_lower,tau_ci_upper,p_mu_gt_zero,p_mu_gt_practical,k_studies,method,n_draws,technique_taxonomy_id,study_ids
0.5895405952787688,0.33121634307716563,0.7815693640377998,0.08854954522483692,0.0039672757021377006,0.44315681661809586,0.9993,0.9928,2,approximate-bayesian-importance-sampling,10000,commitment-consistency,atlas-040;atlas-044
0.4348611398577089,0.043454717344882154,0.7449487810449018,0.2694265787543128,0.07750330166216104,0.7132833354896289,0.9826,0.914,2,approximate-bayesian-importance-sampling,10000,extreme-anchor,atlas-005;atlas-007
0.5047982586150657,0.25671774833050376,0.7274310561164725,0.3556228257880757,0.18778667837828,0.6868810607923902,0.9994,0.9892,6,approximate-bayesian-importance-sampling,10000,gain-framing,atlas-005;atlas-009;atlas-012;atlas-013;atlas-014;atlas-015
0.34296104048034326,0.2401726642466451,0.4557782020887849,0.061990029466609566,0.0024932699609334728,0.2661586599096064,0.9998,0.9948,5,approximate-bayesian-importance-sampling,10000,loss-framing,atlas-005;atlas-012;atlas-013;atlas-014;atlas-015
0.4495033003717687,0.23241130273756813,0.6365296097826574,0.0745858142243652,0.0033410223498484453,0.4172753525026699,0.9976,0.9817,2,approximate-bayesian-importance-sampling,10000,regulatory-fit,atlas-015;atlas-033
0.5154341364545166,-0.4939227175225466,1.408195932310618,1.600278006530769,0.6411414770853541,3.738938204778756,0.8446,0.7375,2,approximate-bayesian-importance-sampling,10000,social-proof,atlas-004;atlas-037
